{"NDEZHMqRuo+lfB2lqrzVFg==":"gtz_landing1-2000x1333.jpg","9gdz5Z8KxDweiGSvPYAZRg==":"garantizar-96x21.png","30KwCh9bs98+wjtqsBjmKQ==":"garantizar-555x105.png","iKvXbivCBMvdzIyf0OYUmw==":"gtz_landing2-2000x890.jpg","rmxukYqhNfmaid5RIQUP0w==":"gtz_landing1-2000x1333.jpeg","6yYsbNCWqcs6tiIQS/6LOQ==":"garantizar-500x95.png","AQ2R/UQejGNgGzPGh3gw7Q==":"garantizar%20-%20copia-300x57.png","MKYg9l3rWKT75syx99ka7A==":"garantizar%20-%20copia-150x29.png","a7kj+S/2/42Y363K1xqnMg==":"mbr-1920x1283.jpg","EAIxv2nrizqJXQmBvI0rWw==":"mbr-837x558.jpg","Cew9fiD3ED/M9w60gcUp3w==":"mbr-837x427.jpg","nsaAk4USlyK5PFPUJLTgag==":"mbr-837x627.jpg","2tQHEGyoXF9g+BhbahWyFw==":"mbr-837x427.jpeg","WMpna2xkSDMxHuF9dko3Kw==":"mbr-1-837x427.jpeg","BJWf6dIxcJsi4GAbIEaodA==":"mbr-2-837x427.jpeg","2qAwwdNbe0A8WJmwMVbHbQ==":"mbr-837x558.jpeg","nK8h37RVVDH/zv4kAd2Kwg==":"mbr-1920x1283.jpeg","DNAGWmeZHmL7xFA/bFQPeg==":"mbr-837x627.jpeg"}